0,1,2,3,4,5,6,7,8,9,10,11,12,13,14,15,16,17,18,19,label
1,0,0,0,0,0,0,0,0,0,0,0,0,0,0,0,0,0,0,0,Helix
0,1,0,0,0,0,0,0,0,0,0,0,0,0,0,0,0,0,0,0,Helix
0,0,1,0,0,0,0,0,0,0,0,0,0,0,0,0,0,0,0,0,Helix
0,0,0,1,0,0,0,0,0,0,0,0,0,0,0,0,0,0,0,0,Helix
0,0,0,0,1,0,0,0,0,0,0,0,0,0,0,0,0,0,0,0,Coil
0,0,0,0,0,1,0,0,0,0,0,0,0,0,0,0,0,0,0,0,Coil
0,0,0,0,0,0,1,0,0,0,0,0,0,0,0,0,0,0,0,0,Coil
0,0,0,0,0,0,0,1,0,0,0,0,0,0,0,0,0,0,0,0,Coil
0,0,0,0,0,0,0,0,1,0,0,0,0,0,0,0,0,0,0,0,Sheet
0,0,0,0,0,0,0,0,0,1,0,0,0,0,0,0,0,0,0,0,Sheet
0,0,0,0,0,0,0,0,0,0,1,0,0,0,0,0,0,0,0,0,Sheet
0,0,0,0,0,0,0,0,0,0,0,1,0,0,0,0,0,0,0,0,Coil
0,0,0,0,0,0,0,0,0,0,0,0,1,0,0,0,0,0,0,0,Coil
0,0,0,0,0,0,0,0,0,0,0,0,0,1,0,0,0,0,0,0,Coil
0,0,0,0,0,0,0,0,0,0,0,0,0,0,1,0,0,0,0,0,Coil
0,0,0,0,0,0,0,0,0,0,0,0,0,0,0,1,0,0,0,0,Coil
0,0,0,0,0,0,0,0,0,0,0,0,0,0,0,0,1,0,0,0,Helix
0,0,0,0,0,0,0,0,0,0,0,0,0,0,0,0,0,1,0,0,Helix
0,0,0,0,0,0,0,0,0,0,0,0,0,0,0,0,0,0,1,0,Helix
0,0,0,0,0,0,0,0,0,0,0,0,0,0,0,0,0,0,0,1,Helix
1,0,0,0,0,0,0,0,0,0,0,0,0,0,0,0,0,0,0,0,Helix
0,1,0,0,0,0,0,0,0,0,0,0,0,0,0,0,0,0,0,0,Coil
0,0,1,0,0,0,0,0,0,0,0,0,0,0,0,0,0,0,0,0,Coil
0,0,0,1,0,0,0,0,0,0,0,0,0,0,0,0,0,0,0,0,Coil
0,0,0,0,1,0,0,0,0,0,0,0,0,0,0,0,0,0,0,0,Coil
0,0,0,0,0,1,0,0,0,0,0,0,0,0,0,0,0,0,0,0,Sheet
0,0,0,0,0,0,1,0,0,0,0,0,0,0,0,0,0,0,0,0,Sheet
0,0,0,0,0,0,0,1,0,0,0,0,0,0,0,0,0,0,0,0,Sheet
